ID,Nombre,Ingredientes,Tamaño,Precio (CLP),Vegana,Picante,Fecha,Cantidad Vendida,Ingresos
"1,Vegetariana,""['Salsa de tomate', ' mozzarella', ' albahaca']"",Pequeña,7300,No,No,2025-02-15,10,73000"
"2,Hawaiana,""['Salsa BBQ', ' mozzarella', ' pollo', ' cebolla morada']"",Mediana,8500,No,Sí,2025-03-21,6,51000"
"3,BBQ Pollo,""['Mozzarella', ' gorgonzola', ' parmesano', ' queso de cabra']"",Grande,8700,No,No,2025-02-03,2,17400"
"4,Funghi,""['Salsa BBQ', ' mozzarella', ' pollo', ' cebolla morada']"",Mediana,7900,No,No,2025-03-03,6,47400"
"5,Hawaiana,""['Salsa BBQ', ' mozzarella', ' pollo', ' cebolla morada']"",Grande,6800,Sí,Sí,2025-03-28,4,27200"
"6,Hawaiana,""['Salsa de tomate', ' mozzarella', ' salame picante', ' jalapeños']"",Grande,8900,Sí,No,2025-02-17,2,17800"
"7,Hawaiana,""['Salsa de tomate', ' mozzarella', ' champiñones']"",Pequeña,8900,No,No,2025-02-12,8,71200"
"8,BBQ Pollo,""['Salsa de tomate', ' mozzarella', ' peperoni']"",Grande,6800,No,Sí,2025-03-13,8,54400"
"9,Funghi,""['Salsa BBQ', ' mozzarella', ' pollo', ' cebolla morada']"",Mediana,6800,Sí,No,2025-02-17,2,13600"
"10,BBQ Pollo,""['Salsa de tomate', ' mozzarella', ' peperoni']"",Mediana,8900,No,Sí,2025-02-14,1,8900"
"11,Cuatro Quesos,""['Salsa de tomate', ' mozzarella', ' albahaca']"",Pequeña,8700,No,Sí,2025-03-23,9,78300"
"12,Vegetariana,""['Salsa de tomate', ' mozzarella', ' pimentón', ' champiñones', ' aceitunas', ' cebolla']"",Pequeña,8900,No,Sí,2025-02-23,10,89000"
"13,Inferno,""['Salsa de tomate', ' mozzarella', ' albahaca']"",Pequeña,8900,Sí,Sí,2025-02-12,10,89000"
"14,BBQ Pollo,""['Salsa de tomate', ' mozzarella', ' peperoni']"",Pequeña,7900,Sí,No,2025-03-06,7,55300"
"15,Inferno,""['Salsa BBQ', ' mozzarella', ' pollo', ' cebolla morada']"",Pequeña,7900,No,No,2025-02-13,2,15800"
"16,Hawaiana,""['Salsa de tomate', ' mozzarella', ' pimentón', ' champiñones', ' aceitunas', ' cebolla']"",Mediana,6800,No,Sí,2025-03-13,3,20400"
"17,Hawaiana,""['Salsa de tomate', ' mozzarella', ' salame picante', ' jalapeños']"",Pequeña,8700,Sí,Sí,2025-02-20,8,69600"
"18,Peperoni,""['Salsa BBQ', ' mozzarella', ' pollo', ' cebolla morada']"",Pequeña,8500,No,Sí,2025-03-11,1,8500"
"19,Margarita,""['Salsa de tomate', ' mozzarella', ' champiñones']"",Pequeña,8700,No,Sí,2025-02-06,6,52200"
"20,Peperoni,""['Salsa de tomate', ' mozzarella', ' jamón', ' piña']"",Grande,6500,No,Sí,2025-02-09,4,26000"
"21,Hawaiana,""['Salsa de tomate', ' mozzarella', ' salame picante', ' jalapeños']"",Grande,7900,No,No,2025-02-03,10,79000"
"22,Funghi,""['Salsa de tomate', ' mozzarella', ' champiñones']"",Pequeña,8900,No,Sí,2025-03-16,7,62300"
"23,BBQ Pollo,""['Salsa de tomate', ' mozzarella', ' pimentón', ' champiñones', ' aceitunas', ' cebolla']"",Pequeña,7300,No,No,2025-03-17,10,73000"
"24,Cuatro Quesos,""['Mozzarella', ' gorgonzola', ' parmesano', ' queso de cabra']"",Mediana,8000,Sí,No,2025-02-23,8,64000"
"25,Peperoni,""['Salsa de tomate', ' mozzarella', ' salame picante', ' jalapeños']"",Grande,8700,Sí,Sí,2025-03-17,3,26100"
"26,Inferno,""['Salsa de tomate', ' mozzarella', ' peperoni']"",Grande,7300,Sí,No,2025-02-27,10,73000"
"27,Vegetariana,""['Salsa de tomate', ' mozzarella', ' albahaca']"",Pequeña,8900,No,Sí,2025-02-09,6,53400"
"28,BBQ Pollo,""['Salsa de tomate', ' mozzarella', ' champiñones']"",Pequeña,6800,Sí,No,2025-03-06,6,40800"
"29,Cuatro Quesos,""['Salsa de tomate', ' mozzarella', ' peperoni']"",Pequeña,7900,Sí,No,2025-03-17,10,79000"
"30,Vegetariana,""['Salsa de tomate', ' mozzarella', ' albahaca']"",Grande,7900,Sí,Sí,2025-03-11,2,15800"
"31,Vegetariana,""['Salsa de tomate', ' mozzarella', ' salame picante', ' jalapeños']"",Pequeña,6500,No,No,2025-02-28,8,52000"
"32,Cuatro Quesos,""['Salsa de tomate', ' mozzarella', ' pimentón', ' champiñones', ' aceitunas', ' cebolla']"",Pequeña,6800,Sí,No,2025-03-29,6,40800"
"33,BBQ Pollo,""['Salsa de tomate', ' mozzarella', ' salame picante', ' jalapeños']"",Mediana,8500,Sí,Sí,2025-02-09,10,85000"
"34,Peperoni,""['Mozzarella', ' gorgonzola', ' parmesano', ' queso de cabra']"",Grande,8000,Sí,No,2025-03-19,6,48000"
"35,Cuatro Quesos,""['Salsa de tomate', ' mozzarella', ' albahaca']"",Pequeña,8900,Sí,Sí,2025-02-05,6,53400"
"36,BBQ Pollo,""['Salsa de tomate', ' mozzarella', ' albahaca']"",Mediana,7300,Sí,No,2025-03-24,9,65700"
"37,Peperoni,""['Mozzarella', ' gorgonzola', ' parmesano', ' queso de cabra']"",Pequeña,7900,No,Sí,2025-02-20,9,71100"
"38,Hawaiana,""['Mozzarella', ' gorgonzola', ' parmesano', ' queso de cabra']"",Mediana,7900,No,No,2025-03-06,1,7900"
"39,BBQ Pollo,""['Salsa BBQ', ' mozzarella', ' pollo', ' cebolla morada']"",Pequeña,8500,No,No,2025-02-14,2,17000"
"40,Inferno,""['Salsa de tomate', ' mozzarella', ' champiñones']"",Pequeña,7900,No,Sí,2025-02-20,2,15800"
"41,Vegetariana,""['Salsa de tomate', ' mozzarella', ' peperoni']"",Grande,7900,Sí,No,2025-03-30,7,55300"
"42,Inferno,""['Salsa de tomate', ' mozzarella', ' champiñones']"",Grande,6500,No,Sí,2025-02-07,3,19500"
"43,Funghi,""['Mozzarella', ' gorgonzola', ' parmesano', ' queso de cabra']"",Pequeña,7300,No,Sí,2025-03-27,6,43800"
"44,Funghi,""['Salsa de tomate', ' mozzarella', ' jamón', ' piña']"",Grande,8000,No,Sí,2025-03-07,4,32000"
"45,Peperoni,""['Salsa de tomate', ' mozzarella', ' salame picante', ' jalapeños']"",Mediana,7300,Sí,No,2025-02-04,9,65700"
"46,BBQ Pollo,""['Salsa de tomate', ' mozzarella', ' salame picante', ' jalapeños']"",Pequeña,7900,No,No,2025-03-15,3,23700"
"47,Peperoni,""['Salsa de tomate', ' mozzarella', ' pimentón', ' champiñones', ' aceitunas', ' cebolla']"",Pequeña,8000,No,Sí,2025-02-28,9,72000"
"48,Vegetariana,""['Salsa de tomate', ' mozzarella', ' pimentón', ' champiñones', ' aceitunas', ' cebolla']"",Mediana,6500,Sí,No,2025-02-17,9,58500"
"49,BBQ Pollo,""['Salsa de tomate', ' mozzarella', ' peperoni']"",Pequeña,8900,No,Sí,2025-03-26,6,53400"
"50,Inferno,""['Salsa de tomate', ' mozzarella', ' jamón', ' piña']"",Mediana,6500,No,Sí,2025-02-07,5,32500"
"51,Peperoni,""['Salsa de tomate', ' mozzarella', ' albahaca']"",Grande,7300,No,No,2025-03-25,2,14600"
"52,BBQ Pollo,""['Salsa de tomate', ' mozzarella', ' peperoni']"",Mediana,8700,No,No,2025-03-07,1,8700"
"53,Peperoni,""['Salsa de tomate', ' mozzarella', ' champiñones']"",Grande,8900,Sí,No,2025-04-02,2,17800"
"54,Margarita,""['Salsa de tomate', ' mozzarella', ' pimentón', ' champiñones', ' aceitunas', ' cebolla']"",Pequeña,7300,No,No,2025-02-21,9,65700"
"55,Margarita,""['Salsa de tomate', ' mozzarella', ' albahaca']"",Grande,6800,Sí,Sí,2025-02-03,5,34000"
"56,Hawaiana,""['Salsa de tomate', ' mozzarella', ' peperoni']"",Mediana,6800,Sí,No,2025-02-26,10,68000"
"57,Funghi,""['Salsa de tomate', ' mozzarella', ' peperoni']"",Pequeña,6800,No,No,2025-02-20,5,34000"
"58,Margarita,""['Salsa BBQ', ' mozzarella', ' pollo', ' cebolla morada']"",Pequeña,8900,Sí,Sí,2025-03-12,7,62300"
"59,Inferno,""['Salsa de tomate', ' mozzarella', ' champiñones']"",Grande,7300,No,No,2025-03-08,3,21900"
"60,Margarita,""['Salsa de tomate', ' mozzarella', ' salame picante', ' jalapeños']"",Mediana,6500,Sí,No,2025-03-05,8,52000"
"61,Peperoni,""['Salsa BBQ', ' mozzarella', ' pollo', ' cebolla morada']"",Mediana,8700,No,Sí,2025-02-14,1,8700"
"62,Funghi,""['Mozzarella', ' gorgonzola', ' parmesano', ' queso de cabra']"",Mediana,8900,Sí,No,2025-03-25,7,62300"
"63,Funghi,""['Salsa de tomate', ' mozzarella', ' salame picante', ' jalapeños']"",Pequeña,7900,Sí,Sí,2025-03-23,3,23700"
"64,BBQ Pollo,""['Salsa de tomate', ' mozzarella', ' peperoni']"",Pequeña,8000,Sí,No,2025-03-17,1,8000"
"65,BBQ Pollo,""['Salsa BBQ', ' mozzarella', ' pollo', ' cebolla morada']"",Grande,8000,No,No,2025-02-26,1,8000"
"66,Cuatro Quesos,""['Salsa de tomate', ' mozzarella', ' albahaca']"",Pequeña,7900,Sí,No,2025-03-29,7,55300"
"67,BBQ Pollo,""['Salsa de tomate', ' mozzarella', ' peperoni']"",Mediana,7300,No,Sí,2025-03-26,2,14600"
"68,Funghi,""['Mozzarella', ' gorgonzola', ' parmesano', ' queso de cabra']"",Grande,8000,Sí,Sí,2025-03-09,9,72000"
"69,Funghi,""['Salsa BBQ', ' mozzarella', ' pollo', ' cebolla morada']"",Pequeña,6800,Sí,No,2025-03-29,9,61200"
"70,Inferno,""['Mozzarella', ' gorgonzola', ' parmesano', ' queso de cabra']"",Pequeña,8900,No,No,2025-03-15,1,8900"
"71,Cuatro Quesos,""['Salsa de tomate', ' mozzarella', ' champiñones']"",Grande,8900,No,No,2025-03-29,2,17800"
"72,BBQ Pollo,""['Salsa BBQ', ' mozzarella', ' pollo', ' cebolla morada']"",Grande,7900,No,Sí,2025-02-21,5,39500"
"73,BBQ Pollo,""['Salsa BBQ', ' mozzarella', ' pollo', ' cebolla morada']"",Mediana,8700,Sí,Sí,2025-02-02,1,8700"
"74,Margarita,""['Salsa BBQ', ' mozzarella', ' pollo', ' cebolla morada']"",Pequeña,8000,No,No,2025-02-16,6,48000"
"75,Funghi,""['Salsa de tomate', ' mozzarella', ' champiñones']"",Pequeña,8900,Sí,Sí,2025-02-13,9,80100"
"76,Margarita,""['Mozzarella', ' gorgonzola', ' parmesano', ' queso de cabra']"",Mediana,7300,Sí,Sí,2025-03-17,1,7300"
"77,Margarita,""['Salsa de tomate', ' mozzarella', ' albahaca']"",Mediana,8000,Sí,Sí,2025-03-04,1,8000"
"78,Inferno,""['Salsa de tomate', ' mozzarella', ' peperoni']"",Grande,6500,Sí,Sí,2025-02-21,3,19500"
"79,BBQ Pollo,""['Salsa de tomate', ' mozzarella', ' pimentón', ' champiñones', ' aceitunas', ' cebolla']"",Grande,8700,Sí,No,2025-02-16,4,34800"
"80,Hawaiana,""['Salsa de tomate', ' mozzarella', ' jamón', ' piña']"",Grande,8700,No,Sí,2025-03-03,1,8700"
"81,Funghi,""['Salsa de tomate', ' mozzarella', ' champiñones']"",Grande,8900,No,Sí,2025-03-24,6,53400"
"82,Cuatro Quesos,""['Mozzarella', ' gorgonzola', ' parmesano', ' queso de cabra']"",Mediana,8900,No,Sí,2025-03-14,8,71200"
"83,Cuatro Quesos,""['Mozzarella', ' gorgonzola', ' parmesano', ' queso de cabra']"",Mediana,8000,Sí,Sí,2025-02-11,2,16000"
"84,Inferno,""['Salsa de tomate', ' mozzarella', ' peperoni']"",Grande,8000,Sí,No,2025-02-22,7,56000"
"85,Margarita,""['Mozzarella', ' gorgonzola', ' parmesano', ' queso de cabra']"",Mediana,6500,No,No,2025-02-10,2,13000"
"86,BBQ Pollo,""['Salsa de tomate', ' mozzarella', ' salame picante', ' jalapeños']"",Pequeña,7300,Sí,No,2025-02-14,7,51100"
"87,Peperoni,""['Salsa BBQ', ' mozzarella', ' pollo', ' cebolla morada']"",Grande,8000,Sí,Sí,2025-02-01,8,64000"
"88,BBQ Pollo,""['Salsa de tomate', ' mozzarella', ' champiñones']"",Pequeña,7300,No,No,2025-03-22,2,14600"
"89,Cuatro Quesos,""['Mozzarella', ' gorgonzola', ' parmesano', ' queso de cabra']"",Grande,7300,Sí,Sí,2025-02-17,9,65700"
"90,Margarita,""['Salsa de tomate', ' mozzarella', ' albahaca']"",Mediana,8700,No,No,2025-02-10,9,78300"
"91,Peperoni,""['Salsa BBQ', ' mozzarella', ' pollo', ' cebolla morada']"",Pequeña,8500,Sí,Sí,2025-03-24,6,51000"
"92,Cuatro Quesos,""['Salsa de tomate', ' mozzarella', ' salame picante', ' jalapeños']"",Pequeña,7900,Sí,No,2025-02-16,6,47400"
"93,Hawaiana,""['Salsa de tomate', ' mozzarella', ' albahaca']"",Mediana,8000,No,No,2025-02-16,3,24000"
"94,Funghi,""['Salsa BBQ', ' mozzarella', ' pollo', ' cebolla morada']"",Mediana,8700,Sí,Sí,2025-03-04,7,60900"
"95,Margarita,""['Salsa de tomate', ' mozzarella', ' jamón', ' piña']"",Pequeña,8900,No,No,2025-02-08,3,26700"
"96,BBQ Pollo,""['Salsa BBQ', ' mozzarella', ' pollo', ' cebolla morada']"",Pequeña,8000,Sí,No,2025-03-03,3,24000"
"97,Hawaiana,""['Salsa de tomate', ' mozzarella', ' pimentón', ' champiñones', ' aceitunas', ' cebolla']"",Grande,7900,Sí,No,2025-02-07,3,23700"
"98,Vegetariana,""['Salsa de tomate', ' mozzarella', ' pimentón', ' champiñones', ' aceitunas', ' cebolla']"",Grande,6500,Sí,No,2025-02-05,2,13000"
"99,Hawaiana,""['Salsa de tomate', ' mozzarella', ' champiñones']"",Grande,8000,No,No,2025-02-22,1,8000"
"100,Inferno,""['Salsa de tomate', ' mozzarella', ' salame picante', ' jalapeños']"",Grande,7300,No,Sí,2025-02-13,1,7300"
"101,Cuatro Quesos,""['Salsa de tomate', ' mozzarella', ' jamón', ' piña']"",Mediana,7300,Sí,No,2025-03-07,6,43800"
"102,Hawaiana,""['Salsa de tomate', ' mozzarella', ' peperoni']"",Pequeña,8700,No,No,2025-02-23,1,8700"
"103,Peperoni,""['Salsa de tomate', ' mozzarella', ' albahaca']"",Mediana,6800,Sí,No,2025-02-25,2,13600"
"104,Inferno,""['Salsa BBQ', ' mozzarella', ' pollo', ' cebolla morada']"",Grande,8000,Sí,Sí,2025-02-12,10,80000"
"105,Vegetariana,""['Salsa BBQ', ' mozzarella', ' pollo', ' cebolla morada']"",Mediana,6500,No,No,2025-03-10,4,26000"
"106,Peperoni,""['Salsa BBQ', ' mozzarella', ' pollo', ' cebolla morada']"",Pequeña,7900,No,No,2025-03-10,8,63200"
"107,Hawaiana,""['Salsa de tomate', ' mozzarella', ' salame picante', ' jalapeños']"",Grande,7900,Sí,No,2025-03-22,7,55300"
"108,Inferno,""['Salsa de tomate', ' mozzarella', ' champiñones']"",Pequeña,8000,No,No,2025-02-08,2,16000"
"109,Hawaiana,""['Salsa de tomate', ' mozzarella', ' jamón', ' piña']"",Pequeña,8700,No,Sí,2025-03-28,8,69600"
"110,Hawaiana,""['Salsa de tomate', ' mozzarella', ' jamón', ' piña']"",Mediana,8900,Sí,Sí,2025-02-15,7,62300"
"111,Funghi,""['Mozzarella', ' gorgonzola', ' parmesano', ' queso de cabra']"",Grande,7300,Sí,Sí,2025-03-10,2,14600"
"112,Inferno,""['Mozzarella', ' gorgonzola', ' parmesano', ' queso de cabra']"",Pequeña,6500,No,Sí,2025-03-18,6,39000"
"113,Margarita,""['Mozzarella', ' gorgonzola', ' parmesano', ' queso de cabra']"",Grande,7300,Sí,No,2025-03-28,9,65700"
"114,Funghi,""['Salsa de tomate', ' mozzarella', ' champiñones']"",Grande,8700,Sí,Sí,2025-02-05,4,34800"
"115,Margarita,""['Salsa BBQ', ' mozzarella', ' pollo', ' cebolla morada']"",Grande,8000,No,Sí,2025-02-14,8,64000"
"116,Hawaiana,""['Mozzarella', ' gorgonzola', ' parmesano', ' queso de cabra']"",Pequeña,8700,No,Sí,2025-02-09,4,34800"
"117,Hawaiana,""['Salsa de tomate', ' mozzarella', ' pimentón', ' champiñones', ' aceitunas', ' cebolla']"",Pequeña,7300,Sí,Sí,2025-02-17,1,7300"
"118,Funghi,""['Salsa de tomate', ' mozzarella', ' champiñones']"",Mediana,8900,Sí,Sí,2025-03-23,2,17800"
"119,Cuatro Quesos,""['Salsa de tomate', ' mozzarella', ' champiñones']"",Pequeña,6800,No,No,2025-03-15,6,40800"
"120,Margarita,""['Salsa de tomate', ' mozzarella', ' jamón', ' piña']"",Grande,8900,No,Sí,2025-03-30,2,17800"
"121,Funghi,""['Salsa de tomate', ' mozzarella', ' jamón', ' piña']"",Pequeña,8500,Sí,No,2025-03-13,10,85000"
"122,Funghi,""['Salsa BBQ', ' mozzarella', ' pollo', ' cebolla morada']"",Grande,8700,Sí,Sí,2025-03-23,5,43500"
"123,BBQ Pollo,""['Salsa de tomate', ' mozzarella', ' peperoni']"",Grande,8700,No,No,2025-03-15,3,26100"
"124,Cuatro Quesos,""['Salsa de tomate', ' mozzarella', ' albahaca']"",Grande,7900,No,No,2025-02-04,10,79000"
"125,Vegetariana,""['Salsa de tomate', ' mozzarella', ' champiñones']"",Pequeña,8700,No,Sí,2025-02-08,1,8700"
"126,Cuatro Quesos,""['Salsa de tomate', ' mozzarella', ' jamón', ' piña']"",Mediana,7300,Sí,No,2025-03-22,8,58400"
"127,Cuatro Quesos,""['Salsa de tomate', ' mozzarella', ' peperoni']"",Mediana,6800,Sí,No,2025-03-04,6,40800"
"128,Funghi,""['Mozzarella', ' gorgonzola', ' parmesano', ' queso de cabra']"",Pequeña,8000,Sí,No,2025-03-30,10,80000"
"129,Cuatro Quesos,""['Salsa de tomate', ' mozzarella', ' jamón', ' piña']"",Pequeña,6800,Sí,Sí,2025-02-28,8,54400"
"130,Hawaiana,""['Salsa de tomate', ' mozzarella', ' peperoni']"",Pequeña,7300,Sí,Sí,2025-02-15,7,51100"
"131,Cuatro Quesos,""['Mozzarella', ' gorgonzola', ' parmesano', ' queso de cabra']"",Mediana,8000,No,Sí,2025-03-30,10,80000"
"132,BBQ Pollo,""['Salsa de tomate', ' mozzarella', ' peperoni']"",Mediana,8700,No,No,2025-02-19,2,17400"
"133,Funghi,""['Salsa de tomate', ' mozzarella', ' peperoni']"",Mediana,6800,No,Sí,2025-02-20,5,34000"
"134,BBQ Pollo,""['Salsa de tomate', ' mozzarella', ' jamón', ' piña']"",Pequeña,8000,Sí,No,2025-02-24,2,16000"
"135,Margarita,""['Salsa BBQ', ' mozzarella', ' pollo', ' cebolla morada']"",Pequeña,8000,No,Sí,2025-03-31,7,56000"
"136,Funghi,""['Mozzarella', ' gorgonzola', ' parmesano', ' queso de cabra']"",Grande,6800,Sí,Sí,2025-02-22,7,47600"
"137,Funghi,""['Salsa de tomate', ' mozzarella', ' peperoni']"",Grande,8900,No,Sí,2025-02-05,6,53400"
"138,BBQ Pollo,""['Mozzarella', ' gorgonzola', ' parmesano', ' queso de cabra']"",Pequeña,8900,No,No,2025-02-21,7,62300"
"139,Cuatro Quesos,""['Salsa de tomate', ' mozzarella', ' salame picante', ' jalapeños']"",Grande,6800,Sí,Sí,2025-03-08,1,6800"
"140,Cuatro Quesos,""['Salsa de tomate', ' mozzarella', ' peperoni']"",Mediana,7900,No,Sí,2025-03-01,5,39500"
"141,Hawaiana,""['Salsa de tomate', ' mozzarella', ' pimentón', ' champiñones', ' aceitunas', ' cebolla']"",Mediana,8500,Sí,Sí,2025-03-18,10,85000"
"142,Hawaiana,""['Salsa de tomate', ' mozzarella', ' pimentón', ' champiñones', ' aceitunas', ' cebolla']"",Grande,8500,Sí,No,2025-02-09,4,34000"
"143,Cuatro Quesos,""['Salsa de tomate', ' mozzarella', ' peperoni']"",Pequeña,8900,Sí,Sí,2025-02-19,10,89000"
"144,Vegetariana,""['Salsa de tomate', ' mozzarella', ' champiñones']"",Mediana,6800,No,Sí,2025-02-12,6,40800"
"145,Cuatro Quesos,""['Mozzarella', ' gorgonzola', ' parmesano', ' queso de cabra']"",Pequeña,8500,Sí,No,2025-03-22,5,42500"
"146,Peperoni,""['Salsa de tomate', ' mozzarella', ' pimentón', ' champiñones', ' aceitunas', ' cebolla']"",Mediana,8700,No,No,2025-03-24,5,43500"
"147,Inferno,""['Mozzarella', ' gorgonzola', ' parmesano', ' queso de cabra']"",Mediana,8700,No,No,2025-02-23,8,69600"
"148,Margarita,""['Salsa de tomate', ' mozzarella', ' peperoni']"",Grande,8700,Sí,No,2025-03-11,9,78300"
"149,Cuatro Quesos,""['Salsa de tomate', ' mozzarella', ' pimentón', ' champiñones', ' aceitunas', ' cebolla']"",Grande,8000,No,Sí,2025-02-20,6,48000"
"150,BBQ Pollo,""['Salsa BBQ', ' mozzarella', ' pollo', ' cebolla morada']"",Mediana,6500,No,No,2025-03-03,6,39000"
"151,Margarita,""['Salsa de tomate', ' mozzarella', ' salame picante', ' jalapeños']"",Pequeña,8900,No,No,2025-02-22,5,44500"
"152,Peperoni,""['Salsa de tomate', ' mozzarella', ' champiñones']"",Grande,6800,No,No,2025-02-12,2,13600"
"153,Margarita,""['Salsa de tomate', ' mozzarella', ' champiñones']"",Pequeña,8000,No,No,2025-03-24,2,16000"
"154,Margarita,""['Salsa BBQ', ' mozzarella', ' pollo', ' cebolla morada']"",Pequeña,6500,No,Sí,2025-03-27,9,58500"
"155,Funghi,""['Salsa de tomate', ' mozzarella', ' albahaca']"",Pequeña,8900,No,No,2025-02-25,5,44500"
"156,Hawaiana,""['Salsa de tomate', ' mozzarella', ' jamón', ' piña']"",Mediana,6800,No,No,2025-03-21,7,47600"
"157,Cuatro Quesos,""['Salsa de tomate', ' mozzarella', ' salame picante', ' jalapeños']"",Pequeña,8500,No,No,2025-03-29,4,34000"
"158,Funghi,""['Salsa de tomate', ' mozzarella', ' salame picante', ' jalapeños']"",Pequeña,8500,Sí,No,2025-03-24,2,17000"
"159,Vegetariana,""['Salsa de tomate', ' mozzarella', ' pimentón', ' champiñones', ' aceitunas', ' cebolla']"",Pequeña,8000,Sí,Sí,2025-03-21,3,24000"
"160,BBQ Pollo,""['Salsa de tomate', ' mozzarella', ' jamón', ' piña']"",Mediana,6500,Sí,No,2025-03-01,3,19500"
"161,Inferno,""['Salsa de tomate', ' mozzarella', ' pimentón', ' champiñones', ' aceitunas', ' cebolla']"",Mediana,8500,No,No,2025-03-22,1,8500"
"162,BBQ Pollo,""['Salsa de tomate', ' mozzarella', ' peperoni']"",Grande,8900,Sí,No,2025-03-26,3,26700"
"163,Cuatro Quesos,""['Salsa de tomate', ' mozzarella', ' albahaca']"",Grande,8900,Sí,Sí,2025-03-05,3,26700"
"164,Peperoni,""['Mozzarella', ' gorgonzola', ' parmesano', ' queso de cabra']"",Mediana,8500,Sí,Sí,2025-03-21,9,76500"
"165,Margarita,""['Salsa de tomate', ' mozzarella', ' albahaca']"",Mediana,8700,No,Sí,2025-02-10,5,43500"
"166,Peperoni,""['Salsa de tomate', ' mozzarella', ' albahaca']"",Pequeña,8700,Sí,Sí,2025-04-02,6,52200"
"167,Margarita,""['Salsa de tomate', ' mozzarella', ' pimentón', ' champiñones', ' aceitunas', ' cebolla']"",Mediana,7900,Sí,Sí,2025-02-24,2,15800"
"168,Funghi,""['Salsa de tomate', ' mozzarella', ' jamón', ' piña']"",Mediana,7300,Sí,No,2025-03-12,6,43800"
"169,Funghi,""['Mozzarella', ' gorgonzola', ' parmesano', ' queso de cabra']"",Mediana,8900,Sí,No,2025-03-18,6,53400"
"170,Margarita,""['Mozzarella', ' gorgonzola', ' parmesano', ' queso de cabra']"",Grande,7900,No,No,2025-02-18,2,15800"
"171,Inferno,""['Salsa de tomate', ' mozzarella', ' pimentón', ' champiñones', ' aceitunas', ' cebolla']"",Pequeña,8900,No,Sí,2025-02-05,5,44500"
"172,Hawaiana,""['Salsa de tomate', ' mozzarella', ' pimentón', ' champiñones', ' aceitunas', ' cebolla']"",Mediana,6800,Sí,No,2025-02-15,5,34000"
"173,Hawaiana,""['Salsa de tomate', ' mozzarella', ' jamón', ' piña']"",Pequeña,7900,No,No,2025-02-12,5,39500"
"174,Inferno,""['Salsa de tomate', ' mozzarella', ' jamón', ' piña']"",Grande,6800,Sí,Sí,2025-02-09,10,68000"
"175,Margarita,""['Mozzarella', ' gorgonzola', ' parmesano', ' queso de cabra']"",Pequeña,6800,Sí,Sí,2025-03-17,4,27200"
"176,BBQ Pollo,""['Salsa de tomate', ' mozzarella', ' jamón', ' piña']"",Pequeña,6800,Sí,Sí,2025-02-15,9,61200"
"177,Margarita,""['Salsa BBQ', ' mozzarella', ' pollo', ' cebolla morada']"",Mediana,7900,No,Sí,2025-02-06,6,47400"
"178,BBQ Pollo,""['Salsa de tomate', ' mozzarella', ' jamón', ' piña']"",Mediana,7300,Sí,Sí,2025-03-24,6,43800"
"179,Funghi,""['Salsa de tomate', ' mozzarella', ' peperoni']"",Mediana,6800,No,No,2025-03-16,2,13600"
"180,Inferno,""['Salsa de tomate', ' mozzarella', ' albahaca']"",Mediana,8700,No,No,2025-02-07,5,43500"
"181,Inferno,""['Salsa de tomate', ' mozzarella', ' salame picante', ' jalapeños']"",Pequeña,6500,No,No,2025-03-11,7,45500"
"182,Peperoni,""['Salsa de tomate', ' mozzarella', ' champiñones']"",Mediana,7300,No,No,2025-02-10,8,58400"
"183,BBQ Pollo,""['Mozzarella', ' gorgonzola', ' parmesano', ' queso de cabra']"",Grande,7300,No,Sí,2025-02-28,3,21900"
"184,Peperoni,""['Salsa de tomate', ' mozzarella', ' jamón', ' piña']"",Grande,8500,No,No,2025-02-05,1,8500"
"185,Funghi,""['Salsa de tomate', ' mozzarella', ' peperoni']"",Pequeña,7900,Sí,No,2025-03-02,2,15800"
"186,Peperoni,""['Salsa de tomate', ' mozzarella', ' jamón', ' piña']"",Mediana,8900,Sí,No,2025-02-17,7,62300"
"187,Vegetariana,""['Salsa BBQ', ' mozzarella', ' pollo', ' cebolla morada']"",Pequeña,8900,Sí,No,2025-03-10,4,35600"
"188,Vegetariana,""['Salsa de tomate', ' mozzarella', ' jamón', ' piña']"",Mediana,7300,No,No,2025-02-10,10,73000"
"189,Cuatro Quesos,""['Salsa de tomate', ' mozzarella', ' peperoni']"",Mediana,6500,No,Sí,2025-02-10,1,6500"
"190,Hawaiana,""['Salsa de tomate', ' mozzarella', ' champiñones']"",Grande,6800,No,No,2025-03-13,7,47600"
"191,Vegetariana,""['Salsa de tomate', ' mozzarella', ' jamón', ' piña']"",Pequeña,6500,Sí,No,2025-02-10,4,26000"
"192,Cuatro Quesos,""['Salsa de tomate', ' mozzarella', ' pimentón', ' champiñones', ' aceitunas', ' cebolla']"",Mediana,7900,No,No,2025-02-19,9,71100"
"193,Hawaiana,""['Salsa de tomate', ' mozzarella', ' jamón', ' piña']"",Mediana,6500,No,No,2025-03-15,4,26000"
"194,BBQ Pollo,""['Mozzarella', ' gorgonzola', ' parmesano', ' queso de cabra']"",Pequeña,7900,Sí,Sí,2025-02-24,9,71100"
"195,Vegetariana,""['Mozzarella', ' gorgonzola', ' parmesano', ' queso de cabra']"",Pequeña,8900,Sí,Sí,2025-04-01,2,17800"
"196,Hawaiana,""['Salsa de tomate', ' mozzarella', ' pimentón', ' champiñones', ' aceitunas', ' cebolla']"",Grande,6800,Sí,No,2025-02-01,2,13600"
"197,Hawaiana,""['Salsa de tomate', ' mozzarella', ' jamón', ' piña']"",Grande,8000,No,Sí,2025-03-28,3,24000"
"198,Peperoni,""['Salsa de tomate', ' mozzarella', ' champiñones']"",Pequeña,6800,Sí,Sí,2025-03-31,3,20400"
"199,Vegetariana,""['Salsa de tomate', ' mozzarella', ' jamón', ' piña']"",Pequeña,7300,Sí,No,2025-03-08,2,14600"
"200,Hawaiana,""['Salsa de tomate', ' mozzarella', ' peperoni']"",Pequeña,7900,No,No,2025-02-04,6,47400"
"201,Margarita,""['Salsa de tomate', ' mozzarella', ' champiñones']"",Pequeña,6800,Sí,No,2025-03-22,1,6800"
"202,Vegetariana,""['Salsa de tomate', ' mozzarella', ' peperoni']"",Grande,8900,Sí,Sí,2025-03-21,7,62300"
"203,Peperoni,""['Salsa de tomate', ' mozzarella', ' champiñones']"",Mediana,8700,Sí,No,2025-03-06,10,87000"
"204,Vegetariana,""['Salsa de tomate', ' mozzarella', ' albahaca']"",Pequeña,7300,Sí,No,2025-02-05,9,65700"
"205,BBQ Pollo,""['Salsa de tomate', ' mozzarella', ' jamón', ' piña']"",Grande,8000,Sí,No,2025-03-12,3,24000"
"206,Hawaiana,""['Salsa de tomate', ' mozzarella', ' champiñones']"",Grande,6500,No,Sí,2025-03-14,6,39000"
"207,Peperoni,""['Salsa de tomate', ' mozzarella', ' jamón', ' piña']"",Pequeña,6500,Sí,No,2025-04-02,8,52000"
"208,Funghi,""['Salsa BBQ', ' mozzarella', ' pollo', ' cebolla morada']"",Pequeña,6500,Sí,No,2025-03-10,8,52000"
"209,Hawaiana,""['Salsa de tomate', ' mozzarella', ' albahaca']"",Grande,8900,No,Sí,2025-03-25,3,26700"
"210,Peperoni,""['Salsa de tomate', ' mozzarella', ' albahaca']"",Mediana,7900,No,Sí,2025-03-02,3,23700"
"211,Peperoni,""['Salsa de tomate', ' mozzarella', ' jamón', ' piña']"",Pequeña,8500,No,No,2025-03-24,2,17000"
"212,Cuatro Quesos,""['Salsa de tomate', ' mozzarella', ' albahaca']"",Grande,7300,No,No,2025-02-28,3,21900"
"213,Cuatro Quesos,""['Salsa de tomate', ' mozzarella', ' salame picante', ' jalapeños']"",Mediana,8700,Sí,Sí,2025-03-10,9,78300"
"214,Hawaiana,""['Salsa de tomate', ' mozzarella', ' peperoni']"",Grande,8500,No,No,2025-02-13,7,59500"
"215,Margarita,""['Salsa de tomate', ' mozzarella', ' jamón', ' piña']"",Grande,8900,No,No,2025-02-28,7,62300"
"216,Inferno,""['Salsa de tomate', ' mozzarella', ' salame picante', ' jalapeños']"",Pequeña,6800,Sí,Sí,2025-02-28,4,27200"
"217,Margarita,""['Mozzarella', ' gorgonzola', ' parmesano', ' queso de cabra']"",Mediana,8700,Sí,No,2025-04-01,3,26100"
"218,Vegetariana,""['Mozzarella', ' gorgonzola', ' parmesano', ' queso de cabra']"",Mediana,8500,Sí,Sí,2025-02-09,1,8500"
"219,BBQ Pollo,""['Salsa de tomate', ' mozzarella', ' albahaca']"",Pequeña,8900,No,No,2025-03-27,4,35600"
"220,Funghi,""['Salsa de tomate', ' mozzarella', ' salame picante', ' jalapeños']"",Pequeña,6500,Sí,Sí,2025-02-15,2,13000"
"221,Hawaiana,""['Salsa de tomate', ' mozzarella', ' pimentón', ' champiñones', ' aceitunas', ' cebolla']"",Mediana,6800,No,Sí,2025-03-31,8,54400"
"222,Funghi,""['Mozzarella', ' gorgonzola', ' parmesano', ' queso de cabra']"",Pequeña,6500,Sí,No,2025-03-27,1,6500"
"223,Vegetariana,""['Salsa de tomate', ' mozzarella', ' salame picante', ' jalapeños']"",Grande,8500,Sí,Sí,2025-03-10,9,76500"
"224,Vegetariana,""['Salsa BBQ', ' mozzarella', ' pollo', ' cebolla morada']"",Grande,6500,No,No,2025-02-20,7,45500"
"225,BBQ Pollo,""['Salsa de tomate', ' mozzarella', ' jamón', ' piña']"",Grande,8900,Sí,No,2025-03-28,3,26700"
"226,Peperoni,""['Salsa de tomate', ' mozzarella', ' jamón', ' piña']"",Pequeña,7900,No,No,2025-03-26,2,15800"
"227,Margarita,""['Salsa de tomate', ' mozzarella', ' jamón', ' piña']"",Pequeña,8000,Sí,No,2025-03-22,1,8000"
"228,Margarita,""['Salsa de tomate', ' mozzarella', ' champiñones']"",Pequeña,7300,Sí,No,2025-03-17,1,7300"
"229,BBQ Pollo,""['Salsa de tomate', ' mozzarella', ' pimentón', ' champiñones', ' aceitunas', ' cebolla']"",Grande,7300,Sí,No,2025-03-20,2,14600"
"230,Peperoni,""['Salsa de tomate', ' mozzarella', ' peperoni']"",Grande,7900,No,Sí,2025-03-21,4,31600"
"231,Hawaiana,""['Salsa BBQ', ' mozzarella', ' pollo', ' cebolla morada']"",Grande,8700,No,No,2025-02-03,3,26100"
"232,Inferno,""['Salsa de tomate', ' mozzarella', ' albahaca']"",Mediana,6500,No,Sí,2025-02-04,6,39000"
"233,BBQ Pollo,""['Salsa de tomate', ' mozzarella', ' albahaca']"",Mediana,8900,Sí,Sí,2025-02-25,10,89000"
"234,Margarita,""['Salsa de tomate', ' mozzarella', ' jamón', ' piña']"",Grande,7300,Sí,Sí,2025-03-04,1,7300"
"235,Cuatro Quesos,""['Salsa de tomate', ' mozzarella', ' salame picante', ' jalapeños']"",Pequeña,7300,No,No,2025-03-13,5,36500"
"236,Cuatro Quesos,""['Salsa de tomate', ' mozzarella', ' champiñones']"",Pequeña,8500,Sí,Sí,2025-02-23,1,8500"
"237,BBQ Pollo,""['Salsa de tomate', ' mozzarella', ' albahaca']"",Mediana,8000,No,Sí,2025-03-15,3,24000"
"238,Margarita,""['Salsa de tomate', ' mozzarella', ' champiñones']"",Mediana,7300,No,No,2025-02-20,2,14600"
"239,Hawaiana,""['Salsa de tomate', ' mozzarella', ' pimentón', ' champiñones', ' aceitunas', ' cebolla']"",Mediana,7900,No,No,2025-02-23,7,55300"
"240,Funghi,""['Salsa de tomate', ' mozzarella', ' peperoni']"",Mediana,7900,Sí,No,2025-03-30,4,31600"
"241,Margarita,""['Salsa de tomate', ' mozzarella', ' jamón', ' piña']"",Grande,8700,No,Sí,2025-02-16,4,34800"
"242,Hawaiana,""['Salsa de tomate', ' mozzarella', ' salame picante', ' jalapeños']"",Grande,8700,Sí,No,2025-03-31,10,87000"
"243,Cuatro Quesos,""['Salsa de tomate', ' mozzarella', ' pimentón', ' champiñones', ' aceitunas', ' cebolla']"",Grande,8500,No,No,2025-03-14,9,76500"
"244,Funghi,""['Salsa de tomate', ' mozzarella', ' jamón', ' piña']"",Pequeña,8900,No,Sí,2025-02-25,9,80100"
"245,Cuatro Quesos,""['Salsa de tomate', ' mozzarella', ' albahaca']"",Grande,8700,No,No,2025-03-23,9,78300"
"246,Inferno,""['Salsa de tomate', ' mozzarella', ' jamón', ' piña']"",Mediana,8500,Sí,No,2025-03-06,6,51000"
"247,Cuatro Quesos,""['Salsa de tomate', ' mozzarella', ' salame picante', ' jalapeños']"",Grande,6500,No,No,2025-02-09,7,45500"
"248,Hawaiana,""['Salsa BBQ', ' mozzarella', ' pollo', ' cebolla morada']"",Pequeña,8900,No,Sí,2025-02-04,10,89000"
"249,Inferno,""['Salsa de tomate', ' mozzarella', ' peperoni']"",Mediana,7300,Sí,No,2025-02-09,6,43800"
"250,Hawaiana,""['Salsa de tomate', ' mozzarella', ' pimentón', ' champiñones', ' aceitunas', ' cebolla']"",Mediana,6500,Sí,Sí,2025-03-22,6,39000"
"251,Inferno,""['Salsa de tomate', ' mozzarella', ' champiñones']"",Pequeña,6500,No,No,2025-03-26,5,32500"
"252,Peperoni,""['Mozzarella', ' gorgonzola', ' parmesano', ' queso de cabra']"",Pequeña,8700,Sí,Sí,2025-03-22,4,34800"
"253,Vegetariana,""['Salsa de tomate', ' mozzarella', ' pimentón', ' champiñones', ' aceitunas', ' cebolla']"",Grande,8700,Sí,No,2025-03-05,10,87000"
"254,Hawaiana,""['Salsa de tomate', ' mozzarella', ' pimentón', ' champiñones', ' aceitunas', ' cebolla']"",Mediana,8500,Sí,No,2025-03-09,10,85000"
"255,Cuatro Quesos,""['Salsa de tomate', ' mozzarella', ' jamón', ' piña']"",Grande,7300,No,No,2025-02-14,9,65700"
"256,Margarita,""['Salsa de tomate', ' mozzarella', ' pimentón', ' champiñones', ' aceitunas', ' cebolla']"",Grande,7300,No,No,2025-02-13,1,7300"
"257,Peperoni,""['Salsa BBQ', ' mozzarella', ' pollo', ' cebolla morada']"",Mediana,8700,No,Sí,2025-03-03,9,78300"
"258,Hawaiana,""['Salsa BBQ', ' mozzarella', ' pollo', ' cebolla morada']"",Grande,8700,Sí,Sí,2025-02-18,5,43500"
"259,Inferno,""['Salsa de tomate', ' mozzarella', ' jamón', ' piña']"",Grande,8000,Sí,No,2025-02-12,10,80000"
"260,Funghi,""['Salsa de tomate', ' mozzarella', ' pimentón', ' champiñones', ' aceitunas', ' cebolla']"",Grande,6800,Sí,No,2025-02-28,10,68000"
"261,Inferno,""['Salsa de tomate', ' mozzarella', ' champiñones']"",Grande,7300,No,Sí,2025-03-22,2,14600"
"262,Vegetariana,""['Mozzarella', ' gorgonzola', ' parmesano', ' queso de cabra']"",Pequeña,6800,Sí,Sí,2025-03-13,4,27200"
"263,Margarita,""['Salsa de tomate', ' mozzarella', ' salame picante', ' jalapeños']"",Grande,8500,No,No,2025-02-24,8,68000"
"264,Funghi,""['Mozzarella', ' gorgonzola', ' parmesano', ' queso de cabra']"",Grande,8000,Sí,No,2025-02-02,5,40000"
"265,Margarita,""['Salsa de tomate', ' mozzarella', ' peperoni']"",Pequeña,8700,No,Sí,2025-03-05,10,87000"
"266,Cuatro Quesos,""['Salsa de tomate', ' mozzarella', ' albahaca']"",Grande,7900,No,No,2025-03-14,8,63200"
"267,Funghi,""['Salsa de tomate', ' mozzarella', ' peperoni']"",Grande,7900,Sí,Sí,2025-02-13,8,63200"
"268,Hawaiana,""['Mozzarella', ' gorgonzola', ' parmesano', ' queso de cabra']"",Mediana,8500,Sí,Sí,2025-03-28,1,8500"
"269,Inferno,""['Salsa de tomate', ' mozzarella', ' champiñones']"",Pequeña,8000,No,Sí,2025-03-08,6,48000"
"270,Margarita,""['Salsa de tomate', ' mozzarella', ' jamón', ' piña']"",Pequeña,8700,No,Sí,2025-03-01,5,43500"
"271,BBQ Pollo,""['Salsa de tomate', ' mozzarella', ' pimentón', ' champiñones', ' aceitunas', ' cebolla']"",Pequeña,7900,Sí,Sí,2025-02-25,10,79000"
"272,Cuatro Quesos,""['Salsa de tomate', ' mozzarella', ' salame picante', ' jalapeños']"",Pequeña,7300,No,Sí,2025-03-26,10,73000"
"273,Margarita,""['Salsa de tomate', ' mozzarella', ' albahaca']"",Grande,7300,Sí,Sí,2025-02-14,10,73000"
"274,Cuatro Quesos,""['Salsa de tomate', ' mozzarella', ' peperoni']"",Pequeña,8000,Sí,No,2025-02-15,4,32000"
"275,Margarita,""['Salsa BBQ', ' mozzarella', ' pollo', ' cebolla morada']"",Pequeña,6800,No,Sí,2025-03-27,4,27200"
"276,Hawaiana,""['Mozzarella', ' gorgonzola', ' parmesano', ' queso de cabra']"",Mediana,6500,No,Sí,2025-03-20,4,26000"
"277,Cuatro Quesos,""['Salsa de tomate', ' mozzarella', ' peperoni']"",Mediana,8900,No,Sí,2025-03-01,5,44500"
"278,BBQ Pollo,""['Salsa de tomate', ' mozzarella', ' salame picante', ' jalapeños']"",Pequeña,8900,No,No,2025-03-19,4,35600"
"279,BBQ Pollo,""['Mozzarella', ' gorgonzola', ' parmesano', ' queso de cabra']"",Grande,8700,No,No,2025-03-01,4,34800"
"280,Cuatro Quesos,""['Salsa BBQ', ' mozzarella', ' pollo', ' cebolla morada']"",Mediana,6500,Sí,No,2025-03-01,9,58500"
"281,BBQ Pollo,""['Salsa de tomate', ' mozzarella', ' champiñones']"",Grande,8500,No,No,2025-02-05,9,76500"
"282,Hawaiana,""['Salsa de tomate', ' mozzarella', ' champiñones']"",Pequeña,8700,Sí,Sí,2025-03-17,2,17400"
"283,Hawaiana,""['Salsa BBQ', ' mozzarella', ' pollo', ' cebolla morada']"",Pequeña,8000,Sí,No,2025-02-04,1,8000"
"284,Hawaiana,""['Salsa de tomate', ' mozzarella', ' albahaca']"",Pequeña,7900,No,No,2025-02-20,2,15800"
"285,Hawaiana,""['Salsa de tomate', ' mozzarella', ' albahaca']"",Pequeña,8500,Sí,Sí,2025-03-21,3,25500"
"286,Inferno,""['Salsa de tomate', ' mozzarella', ' albahaca']"",Mediana,7900,No,Sí,2025-03-03,7,55300"
"287,Peperoni,""['Salsa de tomate', ' mozzarella', ' jamón', ' piña']"",Mediana,6800,Sí,Sí,2025-03-14,6,40800"
"288,Cuatro Quesos,""['Salsa de tomate', ' mozzarella', ' salame picante', ' jalapeños']"",Pequeña,7300,Sí,No,2025-02-24,8,58400"
"289,Hawaiana,""['Mozzarella', ' gorgonzola', ' parmesano', ' queso de cabra']"",Pequeña,7900,No,No,2025-03-01,6,47400"
"290,Hawaiana,""['Salsa de tomate', ' mozzarella', ' champiñones']"",Mediana,8900,No,No,2025-03-22,1,8900"
"291,Margarita,""['Mozzarella', ' gorgonzola', ' parmesano', ' queso de cabra']"",Pequeña,8900,Sí,Sí,2025-02-21,10,89000"
"292,Hawaiana,""['Salsa de tomate', ' mozzarella', ' peperoni']"",Mediana,7900,Sí,No,2025-03-25,1,7900"
"293,Inferno,""['Salsa de tomate', ' mozzarella', ' pimentón', ' champiñones', ' aceitunas', ' cebolla']"",Grande,8900,No,No,2025-03-30,3,26700"
"294,Inferno,""['Salsa de tomate', ' mozzarella', ' champiñones']"",Mediana,8500,No,Sí,2025-02-23,1,8500"
"295,Cuatro Quesos,""['Salsa de tomate', ' mozzarella', ' salame picante', ' jalapeños']"",Grande,6800,No,Sí,2025-02-14,5,34000"
"296,Margarita,""['Salsa de tomate', ' mozzarella', ' champiñones']"",Grande,8700,No,No,2025-03-03,6,52200"
"297,Funghi,""['Salsa de tomate', ' mozzarella', ' albahaca']"",Grande,8700,No,Sí,2025-02-23,4,34800"
"298,Hawaiana,""['Salsa de tomate', ' mozzarella', ' champiñones']"",Pequeña,6800,No,Sí,2025-03-01,5,34000"
"299,Vegetariana,""['Salsa de tomate', ' mozzarella', ' jamón', ' piña']"",Grande,7900,Sí,Sí,2025-02-23,4,31600"
"300,Margarita,""['Salsa de tomate', ' mozzarella', ' albahaca']"",Pequeña,8700,No,No,2025-03-28,5,43500"
"301,Inferno,""['Salsa BBQ', ' mozzarella', ' pollo', ' cebolla morada']"",Pequeña,8500,No,Sí,2025-02-04,5,42500"
"302,Margarita,""['Salsa BBQ', ' mozzarella', ' pollo', ' cebolla morada']"",Mediana,6500,No,Sí,2025-02-10,10,65000"
"303,Peperoni,""['Salsa de tomate', ' mozzarella', ' albahaca']"",Pequeña,7300,Sí,Sí,2025-02-27,2,14600"
"304,Margarita,""['Salsa de tomate', ' mozzarella', ' salame picante', ' jalapeños']"",Grande,7900,Sí,No,2025-02-21,8,63200"
"305,Inferno,""['Salsa BBQ', ' mozzarella', ' pollo', ' cebolla morada']"",Mediana,8900,No,Sí,2025-03-04,1,8900"
"306,Cuatro Quesos,""['Salsa de tomate', ' mozzarella', ' champiñones']"",Mediana,8900,No,Sí,2025-02-02,1,8900"
"307,Hawaiana,""['Salsa de tomate', ' mozzarella', ' peperoni']"",Grande,8700,Sí,No,2025-03-17,5,43500"
"308,Hawaiana,""['Salsa de tomate', ' mozzarella', ' peperoni']"",Grande,6800,Sí,No,2025-02-26,3,20400"
"309,Hawaiana,""['Salsa de tomate', ' mozzarella', ' champiñones']"",Grande,8700,No,Sí,2025-03-22,2,17400"
"310,Funghi,""['Salsa de tomate', ' mozzarella', ' salame picante', ' jalapeños']"",Pequeña,8900,No,No,2025-02-01,10,89000"
"311,BBQ Pollo,""['Salsa BBQ', ' mozzarella', ' pollo', ' cebolla morada']"",Pequeña,7900,No,No,2025-03-14,3,23700"
"312,Hawaiana,""['Salsa de tomate', ' mozzarella', ' albahaca']"",Grande,8900,Sí,Sí,2025-04-02,5,44500"
"313,Vegetariana,""['Salsa de tomate', ' mozzarella', ' pimentón', ' champiñones', ' aceitunas', ' cebolla']"",Grande,8900,Sí,No,2025-03-19,5,44500"
"314,Funghi,""['Salsa BBQ', ' mozzarella', ' pollo', ' cebolla morada']"",Grande,8900,No,Sí,2025-03-06,4,35600"
"315,Peperoni,""['Salsa de tomate', ' mozzarella', ' peperoni']"",Pequeña,8700,No,No,2025-02-16,1,8700"
"316,Margarita,""['Salsa de tomate', ' mozzarella', ' peperoni']"",Mediana,8900,Sí,Sí,2025-02-06,9,80100"
"317,Margarita,""['Salsa de tomate', ' mozzarella', ' jamón', ' piña']"",Pequeña,6800,No,Sí,2025-02-16,7,47600"
"318,Funghi,""['Salsa de tomate', ' mozzarella', ' pimentón', ' champiñones', ' aceitunas', ' cebolla']"",Mediana,8700,No,No,2025-03-23,7,60900"
"319,Funghi,""['Salsa de tomate', ' mozzarella', ' champiñones']"",Pequeña,6800,No,Sí,2025-03-13,9,61200"
"320,Peperoni,""['Salsa de tomate', ' mozzarella', ' pimentón', ' champiñones', ' aceitunas', ' cebolla']"",Mediana,8000,No,Sí,2025-03-13,7,56000"
"321,BBQ Pollo,""['Salsa de tomate', ' mozzarella', ' albahaca']"",Grande,7900,No,No,2025-03-07,7,55300"
"322,Margarita,""['Salsa de tomate', ' mozzarella', ' peperoni']"",Mediana,7300,No,Sí,2025-03-12,7,51100"
"323,Funghi,""['Salsa de tomate', ' mozzarella', ' salame picante', ' jalapeños']"",Grande,6800,Sí,Sí,2025-02-17,6,40800"
"324,Margarita,""['Salsa BBQ', ' mozzarella', ' pollo', ' cebolla morada']"",Pequeña,8000,Sí,Sí,2025-03-01,6,48000"
"325,Vegetariana,""['Salsa de tomate', ' mozzarella', ' champiñones']"",Pequeña,7300,No,Sí,2025-02-20,7,51100"
"326,Margarita,""['Salsa de tomate', ' mozzarella', ' peperoni']"",Pequeña,6800,Sí,Sí,2025-02-08,4,27200"
"327,Peperoni,""['Salsa de tomate', ' mozzarella', ' peperoni']"",Pequeña,6800,Sí,No,2025-03-15,1,6800"
"328,Peperoni,""['Salsa de tomate', ' mozzarella', ' pimentón', ' champiñones', ' aceitunas', ' cebolla']"",Pequeña,7300,No,No,2025-03-06,3,21900"
"329,BBQ Pollo,""['Salsa de tomate', ' mozzarella', ' jamón', ' piña']"",Mediana,7900,Sí,Sí,2025-03-27,5,39500"
"330,Inferno,""['Salsa de tomate', ' mozzarella', ' champiñones']"",Mediana,6500,No,No,2025-02-22,4,26000"
"331,Funghi,""['Mozzarella', ' gorgonzola', ' parmesano', ' queso de cabra']"",Grande,8500,No,No,2025-02-17,6,51000"
"332,BBQ Pollo,""['Salsa de tomate', ' mozzarella', ' jamón', ' piña']"",Mediana,8700,Sí,No,2025-02-02,10,87000"
"333,Hawaiana,""['Salsa de tomate', ' mozzarella', ' salame picante', ' jalapeños']"",Mediana,8700,No,Sí,2025-03-19,10,87000"
"334,BBQ Pollo,""['Salsa de tomate', ' mozzarella', ' jamón', ' piña']"",Grande,8700,Sí,No,2025-02-14,6,52200"
"335,Inferno,""['Salsa de tomate', ' mozzarella', ' peperoni']"",Grande,6500,Sí,No,2025-02-15,4,26000"
"336,Funghi,""['Salsa de tomate', ' mozzarella', ' albahaca']"",Mediana,7300,Sí,No,2025-03-09,5,36500"
"337,Cuatro Quesos,""['Salsa de tomate', ' mozzarella', ' jamón', ' piña']"",Grande,8000,Sí,No,2025-03-07,2,16000"
"338,Cuatro Quesos,""['Salsa de tomate', ' mozzarella', ' salame picante', ' jalapeños']"",Pequeña,8000,No,No,2025-03-04,10,80000"
"339,Vegetariana,""['Salsa BBQ', ' mozzarella', ' pollo', ' cebolla morada']"",Grande,8500,No,Sí,2025-03-05,10,85000"
"340,Cuatro Quesos,""['Mozzarella', ' gorgonzola', ' parmesano', ' queso de cabra']"",Mediana,6800,No,Sí,2025-04-01,9,61200"
"341,Inferno,""['Salsa de tomate', ' mozzarella', ' champiñones']"",Grande,8000,Sí,Sí,2025-02-21,4,32000"
"342,Funghi,""['Salsa de tomate', ' mozzarella', ' peperoni']"",Mediana,8900,No,No,2025-03-18,3,26700"
"343,Cuatro Quesos,""['Salsa de tomate', ' mozzarella', ' salame picante', ' jalapeños']"",Mediana,6800,Sí,No,2025-03-13,10,68000"
"344,BBQ Pollo,""['Salsa de tomate', ' mozzarella', ' jamón', ' piña']"",Mediana,7300,No,No,2025-02-02,9,65700"
"345,Cuatro Quesos,""['Salsa BBQ', ' mozzarella', ' pollo', ' cebolla morada']"",Mediana,8900,No,Sí,2025-03-07,6,53400"
"346,Vegetariana,""['Salsa de tomate', ' mozzarella', ' champiñones']"",Pequeña,8900,Sí,Sí,2025-02-17,4,35600"
"347,Vegetariana,""['Salsa BBQ', ' mozzarella', ' pollo', ' cebolla morada']"",Grande,7300,No,Sí,2025-02-03,6,43800"
"348,Inferno,""['Salsa de tomate', ' mozzarella', ' pimentón', ' champiñones', ' aceitunas', ' cebolla']"",Pequeña,6500,Sí,Sí,2025-02-16,9,58500"
"349,Margarita,""['Salsa de tomate', ' mozzarella', ' champiñones']"",Grande,6500,Sí,No,2025-03-02,4,26000"
"350,Inferno,""['Salsa de tomate', ' mozzarella', ' jamón', ' piña']"",Pequeña,8900,Sí,No,2025-04-02,3,26700"
"351,Inferno,""['Salsa de tomate', ' mozzarella', ' champiñones']"",Grande,8700,Sí,Sí,2025-03-04,4,34800"
"352,Vegetariana,""['Salsa de tomate', ' mozzarella', ' jamón', ' piña']"",Grande,8900,Sí,No,2025-02-15,7,62300"
"353,Cuatro Quesos,""['Salsa de tomate', ' mozzarella', ' salame picante', ' jalapeños']"",Grande,8500,No,No,2025-03-10,5,42500"
"354,Vegetariana,""['Salsa de tomate', ' mozzarella', ' peperoni']"",Mediana,8900,Sí,Sí,2025-02-07,2,17800"
"355,Cuatro Quesos,""['Salsa de tomate', ' mozzarella', ' albahaca']"",Mediana,7900,No,No,2025-02-18,7,55300"
"356,Margarita,""['Salsa de tomate', ' mozzarella', ' peperoni']"",Pequeña,6500,No,No,2025-03-08,5,32500"
"357,Inferno,""['Salsa de tomate', ' mozzarella', ' jamón', ' piña']"",Mediana,8700,No,No,2025-03-03,5,43500"
"358,BBQ Pollo,""['Mozzarella', ' gorgonzola', ' parmesano', ' queso de cabra']"",Grande,8500,Sí,Sí,2025-02-20,6,51000"
"359,Margarita,""['Salsa de tomate', ' mozzarella', ' peperoni']"",Mediana,7900,Sí,Sí,2025-03-24,7,55300"
"360,Cuatro Quesos,""['Salsa BBQ', ' mozzarella', ' pollo', ' cebolla morada']"",Mediana,8000,No,No,2025-02-24,10,80000"
"361,Peperoni,""['Salsa de tomate', ' mozzarella', ' jamón', ' piña']"",Mediana,8500,Sí,No,2025-02-24,6,51000"
"362,Vegetariana,""['Salsa de tomate', ' mozzarella', ' jamón', ' piña']"",Pequeña,7300,No,No,2025-03-05,8,58400"
"363,Inferno,""['Salsa de tomate', ' mozzarella', ' salame picante', ' jalapeños']"",Grande,7300,No,Sí,2025-04-02,5,36500"
"364,Margarita,""['Salsa de tomate', ' mozzarella', ' champiñones']"",Mediana,8000,No,Sí,2025-03-03,6,48000"
"365,BBQ Pollo,""['Salsa de tomate', ' mozzarella', ' pimentón', ' champiñones', ' aceitunas', ' cebolla']"",Grande,8500,No,Sí,2025-04-02,7,59500"
"366,Margarita,""['Salsa de tomate', ' mozzarella', ' albahaca']"",Grande,8500,No,No,2025-03-22,3,25500"
"367,Funghi,""['Salsa BBQ', ' mozzarella', ' pollo', ' cebolla morada']"",Mediana,8700,No,Sí,2025-03-19,6,52200"
"368,Margarita,""['Salsa de tomate', ' mozzarella', ' peperoni']"",Mediana,6800,Sí,No,2025-03-09,6,40800"
"369,Margarita,""['Salsa de tomate', ' mozzarella', ' salame picante', ' jalapeños']"",Grande,8700,No,Sí,2025-03-15,3,26100"
"370,Peperoni,""['Salsa de tomate', ' mozzarella', ' pimentón', ' champiñones', ' aceitunas', ' cebolla']"",Mediana,8900,No,No,2025-02-17,9,80100"
"371,Margarita,""['Salsa de tomate', ' mozzarella', ' jamón', ' piña']"",Mediana,8000,Sí,Sí,2025-03-29,2,16000"
"372,Vegetariana,""['Salsa de tomate', ' mozzarella', ' jamón', ' piña']"",Grande,7900,Sí,Sí,2025-03-08,3,23700"
"373,Inferno,""['Salsa de tomate', ' mozzarella', ' champiñones']"",Mediana,6500,No,Sí,2025-02-18,9,58500"
"374,Vegetariana,""['Salsa de tomate', ' mozzarella', ' peperoni']"",Grande,6500,No,Sí,2025-03-29,8,52000"
"375,BBQ Pollo,""['Salsa de tomate', ' mozzarella', ' albahaca']"",Grande,7900,Sí,No,2025-03-17,8,63200"
"376,Cuatro Quesos,""['Salsa de tomate', ' mozzarella', ' salame picante', ' jalapeños']"",Pequeña,8900,Sí,No,2025-03-11,2,17800"
"377,Margarita,""['Salsa de tomate', ' mozzarella', ' salame picante', ' jalapeños']"",Grande,6800,Sí,No,2025-02-20,9,61200"
"378,Funghi,""['Salsa de tomate', ' mozzarella', ' peperoni']"",Mediana,7900,No,Sí,2025-02-09,10,79000"
"379,Peperoni,""['Salsa de tomate', ' mozzarella', ' peperoni']"",Mediana,7900,No,Sí,2025-03-02,3,23700"
"380,Margarita,""['Salsa de tomate', ' mozzarella', ' champiñones']"",Pequeña,8500,No,No,2025-03-26,4,34000"
"381,Hawaiana,""['Salsa BBQ', ' mozzarella', ' pollo', ' cebolla morada']"",Pequeña,7900,Sí,Sí,2025-03-04,3,23700"
"382,Vegetariana,""['Salsa de tomate', ' mozzarella', ' jamón', ' piña']"",Grande,6800,Sí,No,2025-03-07,3,20400"
"383,Hawaiana,""['Salsa de tomate', ' mozzarella', ' champiñones']"",Pequeña,7300,Sí,Sí,2025-03-28,2,14600"
"384,Funghi,""['Salsa BBQ', ' mozzarella', ' pollo', ' cebolla morada']"",Mediana,7900,No,No,2025-02-03,10,79000"
"385,Funghi,""['Salsa de tomate', ' mozzarella', ' pimentón', ' champiñones', ' aceitunas', ' cebolla']"",Mediana,7900,Sí,Sí,2025-02-11,3,23700"
"386,Hawaiana,""['Salsa BBQ', ' mozzarella', ' pollo', ' cebolla morada']"",Grande,7900,No,No,2025-02-15,3,23700"
"387,Margarita,""['Salsa de tomate', ' mozzarella', ' albahaca']"",Grande,8900,Sí,No,2025-03-04,10,89000"
"388,Peperoni,""['Salsa de tomate', ' mozzarella', ' peperoni']"",Mediana,8900,Sí,Sí,2025-03-05,9,80100"
"389,Vegetariana,""['Salsa de tomate', ' mozzarella', ' peperoni']"",Pequeña,6800,Sí,No,2025-02-12,7,47600"
"390,Inferno,""['Salsa de tomate', ' mozzarella', ' salame picante', ' jalapeños']"",Grande,8700,Sí,No,2025-02-10,8,69600"
"391,Inferno,""['Salsa de tomate', ' mozzarella', ' pimentón', ' champiñones', ' aceitunas', ' cebolla']"",Grande,8500,No,No,2025-02-20,5,42500"
"392,BBQ Pollo,""['Mozzarella', ' gorgonzola', ' parmesano', ' queso de cabra']"",Pequeña,7300,No,No,2025-02-27,10,73000"
"393,BBQ Pollo,""['Salsa de tomate', ' mozzarella', ' albahaca']"",Pequeña,6800,Sí,No,2025-02-14,8,54400"
"394,Funghi,""['Salsa de tomate', ' mozzarella', ' albahaca']"",Pequeña,8900,Sí,Sí,2025-03-07,2,17800"
"395,Peperoni,""['Salsa de tomate', ' mozzarella', ' jamón', ' piña']"",Mediana,6800,No,Sí,2025-02-13,9,61200"
"396,Vegetariana,""['Mozzarella', ' gorgonzola', ' parmesano', ' queso de cabra']"",Mediana,6800,No,Sí,2025-02-12,5,34000"
"397,Peperoni,""['Salsa de tomate', ' mozzarella', ' salame picante', ' jalapeños']"",Grande,8500,Sí,Sí,2025-03-17,9,76500"
"398,Hawaiana,""['Salsa BBQ', ' mozzarella', ' pollo', ' cebolla morada']"",Pequeña,8700,No,Sí,2025-03-28,7,60900"
"399,Margarita,""['Mozzarella', ' gorgonzola', ' parmesano', ' queso de cabra']"",Grande,8900,No,No,2025-03-09,10,89000"
"400,BBQ Pollo,""['Salsa de tomate', ' mozzarella', ' peperoni']"",Grande,8900,Sí,No,2025-03-15,9,80100"
"401,BBQ Pollo,""['Salsa de tomate', ' mozzarella', ' champiñones']"",Pequeña,7300,No,No,2025-03-27,10,73000"
"402,Cuatro Quesos,""['Salsa de tomate', ' mozzarella', ' champiñones']"",Pequeña,8900,No,No,2025-03-12,10,89000"
"403,Peperoni,""['Mozzarella', ' gorgonzola', ' parmesano', ' queso de cabra']"",Grande,6500,Sí,Sí,2025-03-26,6,39000"
"404,Funghi,""['Salsa de tomate', ' mozzarella', ' pimentón', ' champiñones', ' aceitunas', ' cebolla']"",Mediana,8000,Sí,No,2025-02-26,8,64000"
"405,Cuatro Quesos,""['Salsa de tomate', ' mozzarella', ' albahaca']"",Pequeña,8900,Sí,Sí,2025-02-02,4,35600"
"406,Vegetariana,""['Salsa BBQ', ' mozzarella', ' pollo', ' cebolla morada']"",Mediana,8900,No,No,2025-03-25,2,17800"
"407,Margarita,""['Salsa de tomate', ' mozzarella', ' albahaca']"",Pequeña,7300,No,Sí,2025-02-15,2,14600"
"408,Funghi,""['Salsa de tomate', ' mozzarella', ' jamón', ' piña']"",Pequeña,8000,Sí,No,2025-02-05,7,56000"
"409,Funghi,""['Salsa de tomate', ' mozzarella', ' albahaca']"",Pequeña,8700,No,Sí,2025-03-08,9,78300"
"410,Inferno,""['Salsa de tomate', ' mozzarella', ' jamón', ' piña']"",Mediana,6800,Sí,No,2025-02-05,10,68000"
"411,Vegetariana,""['Salsa de tomate', ' mozzarella', ' albahaca']"",Pequeña,7900,Sí,No,2025-02-14,8,63200"
"412,Hawaiana,""['Salsa de tomate', ' mozzarella', ' pimentón', ' champiñones', ' aceitunas', ' cebolla']"",Pequeña,8000,Sí,No,2025-03-30,2,16000"
"413,Margarita,""['Salsa de tomate', ' mozzarella', ' albahaca']"",Mediana,6500,Sí,Sí,2025-02-23,8,52000"
"414,Inferno,""['Salsa de tomate', ' mozzarella', ' salame picante', ' jalapeños']"",Pequeña,6800,No,Sí,2025-02-18,5,34000"
"415,Funghi,""['Salsa de tomate', ' mozzarella', ' pimentón', ' champiñones', ' aceitunas', ' cebolla']"",Mediana,6800,No,No,2025-02-14,9,61200"
"416,BBQ Pollo,""['Salsa de tomate', ' mozzarella', ' salame picante', ' jalapeños']"",Pequeña,6500,Sí,Sí,2025-04-01,3,19500"
"417,Cuatro Quesos,""['Salsa de tomate', ' mozzarella', ' albahaca']"",Mediana,8000,No,No,2025-02-09,3,24000"
"418,Margarita,""['Salsa de tomate', ' mozzarella', ' champiñones']"",Grande,8000,Sí,Sí,2025-02-27,3,24000"
"419,Cuatro Quesos,""['Salsa BBQ', ' mozzarella', ' pollo', ' cebolla morada']"",Mediana,8500,Sí,Sí,2025-02-11,4,34000"
"420,Peperoni,""['Salsa de tomate', ' mozzarella', ' albahaca']"",Pequeña,6500,No,Sí,2025-03-12,5,32500"
"421,Peperoni,""['Salsa de tomate', ' mozzarella', ' champiñones']"",Mediana,7300,No,No,2025-02-26,5,36500"
"422,Margarita,""['Salsa de tomate', ' mozzarella', ' salame picante', ' jalapeños']"",Pequeña,8000,Sí,Sí,2025-03-18,1,8000"
"423,Margarita,""['Mozzarella', ' gorgonzola', ' parmesano', ' queso de cabra']"",Grande,6800,Sí,No,2025-03-04,1,6800"
"424,Margarita,""['Salsa de tomate', ' mozzarella', ' peperoni']"",Grande,7900,Sí,Sí,2025-03-08,3,23700"
"425,Peperoni,""['Salsa de tomate', ' mozzarella', ' pimentón', ' champiñones', ' aceitunas', ' cebolla']"",Pequeña,8500,Sí,Sí,2025-03-17,7,59500"
"426,BBQ Pollo,""['Salsa de tomate', ' mozzarella', ' peperoni']"",Pequeña,7300,Sí,No,2025-02-06,1,7300"
"427,BBQ Pollo,""['Salsa de tomate', ' mozzarella', ' peperoni']"",Mediana,7300,No,Sí,2025-04-02,9,65700"
"428,BBQ Pollo,""['Salsa de tomate', ' mozzarella', ' jamón', ' piña']"",Grande,8700,No,Sí,2025-02-07,6,52200"
"429,Inferno,""['Salsa de tomate', ' mozzarella', ' salame picante', ' jalapeños']"",Mediana,8000,No,No,2025-03-29,6,48000"
"430,Peperoni,""['Salsa de tomate', ' mozzarella', ' champiñones']"",Mediana,6500,No,No,2025-02-28,1,6500"
"431,BBQ Pollo,""['Mozzarella', ' gorgonzola', ' parmesano', ' queso de cabra']"",Pequeña,6500,Sí,Sí,2025-02-24,8,52000"
"432,Funghi,""['Salsa de tomate', ' mozzarella', ' salame picante', ' jalapeños']"",Pequeña,6500,Sí,No,2025-03-01,7,45500"
"433,Funghi,""['Salsa de tomate', ' mozzarella', ' albahaca']"",Mediana,8700,No,Sí,2025-02-18,3,26100"
"434,Peperoni,""['Mozzarella', ' gorgonzola', ' parmesano', ' queso de cabra']"",Mediana,8000,No,Sí,2025-03-02,7,56000"
"435,Margarita,""['Salsa de tomate', ' mozzarella', ' peperoni']"",Grande,8000,Sí,No,2025-03-09,9,72000"
"436,Hawaiana,""['Mozzarella', ' gorgonzola', ' parmesano', ' queso de cabra']"",Pequeña,8900,No,No,2025-02-01,2,17800"
"437,BBQ Pollo,""['Salsa BBQ', ' mozzarella', ' pollo', ' cebolla morada']"",Mediana,8700,No,Sí,2025-03-29,5,43500"
"438,Vegetariana,""['Salsa de tomate', ' mozzarella', ' albahaca']"",Grande,8500,Sí,Sí,2025-02-02,3,25500"
"439,Cuatro Quesos,""['Salsa de tomate', ' mozzarella', ' pimentón', ' champiñones', ' aceitunas', ' cebolla']"",Pequeña,6800,No,Sí,2025-02-16,5,34000"
"440,Cuatro Quesos,""['Salsa de tomate', ' mozzarella', ' jamón', ' piña']"",Mediana,8700,No,No,2025-03-01,6,52200"
"441,Funghi,""['Salsa de tomate', ' mozzarella', ' jamón', ' piña']"",Mediana,6800,Sí,No,2025-03-19,5,34000"
"442,Funghi,""['Salsa de tomate', ' mozzarella', ' champiñones']"",Pequeña,7300,Sí,No,2025-02-17,5,36500"
"443,Cuatro Quesos,""['Salsa de tomate', ' mozzarella', ' albahaca']"",Pequeña,6500,No,Sí,2025-02-26,3,19500"
"444,Funghi,""['Mozzarella', ' gorgonzola', ' parmesano', ' queso de cabra']"",Pequeña,8000,Sí,No,2025-02-17,1,8000"
"445,Funghi,""['Salsa de tomate', ' mozzarella', ' jamón', ' piña']"",Pequeña,8000,Sí,No,2025-03-31,6,48000"
"446,Peperoni,""['Salsa BBQ', ' mozzarella', ' pollo', ' cebolla morada']"",Pequeña,8000,No,Sí,2025-03-15,9,72000"
"447,Cuatro Quesos,""['Salsa de tomate', ' mozzarella', ' pimentón', ' champiñones', ' aceitunas', ' cebolla']"",Pequeña,8000,No,Sí,2025-03-25,3,24000"
"448,Margarita,""['Mozzarella', ' gorgonzola', ' parmesano', ' queso de cabra']"",Grande,8700,Sí,No,2025-03-02,4,34800"
"449,Funghi,""['Salsa de tomate', ' mozzarella', ' salame picante', ' jalapeños']"",Pequeña,7300,Sí,Sí,2025-03-23,4,29200"
"450,Peperoni,""['Mozzarella', ' gorgonzola', ' parmesano', ' queso de cabra']"",Mediana,8700,No,Sí,2025-03-01,7,60900"
"451,Cuatro Quesos,""['Salsa de tomate', ' mozzarella', ' jamón', ' piña']"",Grande,6800,No,No,2025-03-28,2,13600"
"452,Peperoni,""['Salsa de tomate', ' mozzarella', ' pimentón', ' champiñones', ' aceitunas', ' cebolla']"",Mediana,8700,No,No,2025-03-01,7,60900"
"453,BBQ Pollo,""['Salsa de tomate', ' mozzarella', ' jamón', ' piña']"",Pequeña,8900,Sí,No,2025-03-07,2,17800"
"454,Hawaiana,""['Salsa de tomate', ' mozzarella', ' albahaca']"",Pequeña,8000,Sí,Sí,2025-03-07,7,56000"
"455,Inferno,""['Salsa de tomate', ' mozzarella', ' champiñones']"",Pequeña,6500,Sí,Sí,2025-02-10,3,19500"
"456,Hawaiana,""['Salsa de tomate', ' mozzarella', ' pimentón', ' champiñones', ' aceitunas', ' cebolla']"",Mediana,7900,No,Sí,2025-03-24,2,15800"
"457,Funghi,""['Salsa de tomate', ' mozzarella', ' champiñones']"",Mediana,8500,Sí,No,2025-02-12,4,34000"
"458,Cuatro Quesos,""['Salsa de tomate', ' mozzarella', ' pimentón', ' champiñones', ' aceitunas', ' cebolla']"",Pequeña,7300,No,No,2025-03-06,7,51100"
"459,Vegetariana,""['Mozzarella', ' gorgonzola', ' parmesano', ' queso de cabra']"",Grande,6800,Sí,Sí,2025-02-21,10,68000"
"460,Hawaiana,""['Salsa BBQ', ' mozzarella', ' pollo', ' cebolla morada']"",Grande,8700,Sí,No,2025-02-09,9,78300"
"461,Hawaiana,""['Salsa de tomate', ' mozzarella', ' pimentón', ' champiñones', ' aceitunas', ' cebolla']"",Grande,8700,Sí,Sí,2025-02-20,4,34800"
"462,Vegetariana,""['Mozzarella', ' gorgonzola', ' parmesano', ' queso de cabra']"",Pequeña,8000,Sí,No,2025-02-01,8,64000"
"463,Peperoni,""['Salsa de tomate', ' mozzarella', ' peperoni']"",Mediana,6800,Sí,No,2025-02-05,10,68000"
"464,Inferno,""['Salsa de tomate', ' mozzarella', ' champiñones']"",Pequeña,6800,No,No,2025-02-12,7,47600"
"465,Margarita,""['Salsa de tomate', ' mozzarella', ' salame picante', ' jalapeños']"",Mediana,6800,Sí,No,2025-02-01,3,20400"
"466,Margarita,""['Salsa de tomate', ' mozzarella', ' champiñones']"",Mediana,6800,No,No,2025-02-23,4,27200"
"467,Vegetariana,""['Salsa BBQ', ' mozzarella', ' pollo', ' cebolla morada']"",Grande,8900,No,No,2025-03-22,4,35600"
"468,Vegetariana,""['Salsa de tomate', ' mozzarella', ' champiñones']"",Grande,8500,No,No,2025-03-07,4,34000"
"469,Margarita,""['Salsa de tomate', ' mozzarella', ' jamón', ' piña']"",Grande,7900,No,No,2025-03-30,6,47400"
"470,Peperoni,""['Salsa de tomate', ' mozzarella', ' pimentón', ' champiñones', ' aceitunas', ' cebolla']"",Mediana,6500,Sí,No,2025-03-20,9,58500"
"471,Margarita,""['Salsa BBQ', ' mozzarella', ' pollo', ' cebolla morada']"",Grande,6500,Sí,Sí,2025-02-12,3,19500"
"472,Inferno,""['Salsa de tomate', ' mozzarella', ' albahaca']"",Grande,8000,Sí,No,2025-03-26,2,16000"
"473,Vegetariana,""['Salsa de tomate', ' mozzarella', ' jamón', ' piña']"",Pequeña,8700,Sí,Sí,2025-03-23,1,8700"
"474,Hawaiana,""['Salsa de tomate', ' mozzarella', ' salame picante', ' jalapeños']"",Pequeña,6500,No,No,2025-04-02,8,52000"
"475,Hawaiana,""['Salsa de tomate', ' mozzarella', ' albahaca']"",Pequeña,8000,Sí,No,2025-03-04,10,80000"
"476,Inferno,""['Salsa de tomate', ' mozzarella', ' albahaca']"",Pequeña,6500,No,No,2025-02-01,1,6500"
"477,Vegetariana,""['Salsa de tomate', ' mozzarella', ' champiñones']"",Pequeña,8700,Sí,Sí,2025-03-17,7,60900"
"478,Funghi,""['Salsa BBQ', ' mozzarella', ' pollo', ' cebolla morada']"",Pequeña,8900,Sí,No,2025-03-16,8,71200"
"479,Funghi,""['Salsa de tomate', ' mozzarella', ' champiñones']"",Pequeña,7900,No,Sí,2025-03-24,9,71100"
"480,Vegetariana,""['Salsa BBQ', ' mozzarella', ' pollo', ' cebolla morada']"",Pequeña,8700,No,No,2025-02-22,10,87000"
"481,Peperoni,""['Salsa de tomate', ' mozzarella', ' salame picante', ' jalapeños']"",Mediana,8900,No,No,2025-03-02,8,71200"
"482,Vegetariana,""['Mozzarella', ' gorgonzola', ' parmesano', ' queso de cabra']"",Grande,6500,Sí,No,2025-03-02,5,32500"
"483,Funghi,""['Salsa de tomate', ' mozzarella', ' champiñones']"",Mediana,8700,Sí,No,2025-03-20,8,69600"
"484,Cuatro Quesos,""['Salsa de tomate', ' mozzarella', ' salame picante', ' jalapeños']"",Mediana,8700,No,Sí,2025-03-16,3,26100"
"485,Vegetariana,""['Salsa de tomate', ' mozzarella', ' champiñones']"",Mediana,6500,Sí,Sí,2025-03-20,9,58500"
"486,Inferno,""['Salsa de tomate', ' mozzarella', ' peperoni']"",Mediana,6800,No,Sí,2025-03-15,9,61200"
"487,Hawaiana,""['Salsa BBQ', ' mozzarella', ' pollo', ' cebolla morada']"",Grande,6500,Sí,No,2025-02-16,7,45500"
"488,Hawaiana,""['Salsa BBQ', ' mozzarella', ' pollo', ' cebolla morada']"",Pequeña,8900,Sí,Sí,2025-03-29,4,35600"
"489,Inferno,""['Salsa de tomate', ' mozzarella', ' salame picante', ' jalapeños']"",Mediana,7300,Sí,Sí,2025-03-25,7,51100"
"490,BBQ Pollo,""['Salsa de tomate', ' mozzarella', ' jamón', ' piña']"",Pequeña,8900,Sí,Sí,2025-03-30,9,80100"
"491,Margarita,""['Mozzarella', ' gorgonzola', ' parmesano', ' queso de cabra']"",Pequeña,8500,No,Sí,2025-04-02,10,85000"
"492,Funghi,""['Salsa BBQ', ' mozzarella', ' pollo', ' cebolla morada']"",Pequeña,8500,Sí,No,2025-03-24,4,34000"
"493,Cuatro Quesos,""['Salsa de tomate', ' mozzarella', ' peperoni']"",Mediana,8700,No,Sí,2025-03-12,6,52200"
"494,Funghi,""['Salsa de tomate', ' mozzarella', ' peperoni']"",Pequeña,8900,Sí,No,2025-03-26,8,71200"
"495,Cuatro Quesos,""['Salsa de tomate', ' mozzarella', ' albahaca']"",Grande,6800,Sí,Sí,2025-02-16,6,40800"
"496,Inferno,""['Salsa de tomate', ' mozzarella', ' peperoni']"",Pequeña,6500,Sí,Sí,2025-03-24,10,65000"
"497,Peperoni,""['Salsa BBQ', ' mozzarella', ' pollo', ' cebolla morada']"",Grande,7300,No,Sí,2025-02-16,10,73000"
"498,Hawaiana,""['Salsa de tomate', ' mozzarella', ' pimentón', ' champiñones', ' aceitunas', ' cebolla']"",Mediana,8900,Sí,Sí,2025-02-01,7,62300"
"499,Vegetariana,""['Salsa de tomate', ' mozzarella', ' champiñones']"",Grande,8000,No,No,2025-02-12,6,48000"
"500,Peperoni,""['Salsa de tomate', ' mozzarella', ' champiñones']"",Pequeña,6500,Sí,No,2025-03-28,6,39000"
